sequence,block,target_tokens,request_started_at,request_completed_at
1,1,550000,2026-08-13T16:33:47.846628+00:00,2026-08-13T16:34:02.546764+00:00
2,1,175000,2026-08-13T16:34:02.554576+00:00,2026-08-13T16:34:07.865535+00:00
3,1,375000,2026-08-13T16:34:07.875769+00:00,2026-08-13T16:34:16.701266+00:00
4,1,50000,2026-08-13T16:34:16.707026+00:00,2026-08-13T16:34:22.572468+00:00
5,1,100000,2026-08-13T16:34:22.578933+00:00,2026-08-13T16:34:25.207340+00:00
6,1,750000,2026-08-13T16:34:26.588151+00:00,2026-08-13T16:34:46.046095+00:00
7,1,900000,2026-08-13T16:34:46.063657+00:00,2026-08-13T16:35:04.936787+00:00
8,1,250000,2026-08-13T16:35:04.945524+00:00,2026-08-13T16:35:19.363353+00:00
9,2,50000,2026-08-13T16:35:19.369168+00:00,2026-08-13T16:35:21.741731+00:00
10,2,550000,2026-08-13T16:35:23.376498+00:00,2026-08-13T16:35:37.330949+00:00
11,2,175000,2026-08-13T16:35:37.338510+00:00,2026-08-13T16:35:47.574798+00:00
12,2,750000,2026-08-13T16:35:47.590238+00:00,2026-08-13T16:36:03.532644+00:00
13,2,900000,2026-08-13T16:36:03.551067+00:00,2026-08-13T16:36:25.587644+00:00
14,2,250000,2026-08-13T16:36:25.596344+00:00,2026-08-13T16:36:31.523821+00:00
15,2,375000,2026-08-13T16:36:31.533608+00:00,2026-08-13T16:36:39.143031+00:00
16,2,100000,2026-08-13T16:36:39.149589+00:00,2026-08-13T16:36:42.096905+00:00
17,3,550000,2026-08-13T16:36:43.155887+00:00,2026-08-13T16:36:55.065960+00:00
18,3,50000,2026-08-13T16:36:55.071599+00:00,2026-08-13T16:36:57.643384+00:00
19,3,750000,2026-08-13T16:36:59.081971+00:00,2026-08-13T16:37:14.522734+00:00
20,3,175000,2026-08-13T16:37:14.530195+00:00,2026-08-13T16:37:19.028616+00:00
21,3,100000,2026-08-13T16:37:19.035147+00:00,2026-08-13T16:37:22.854090+00:00
22,3,900000,2026-08-13T16:37:23.046836+00:00,2026-08-13T16:37:46.353062+00:00
23,3,375000,2026-08-13T16:37:46.363736+00:00,2026-08-13T16:37:54.085524+00:00
24,3,250000,2026-08-13T16:37:54.095321+00:00,2026-08-13T16:37:59.954142+00:00
25,4,100000,2026-08-13T16:37:59.960672+00:00,2026-08-13T16:38:02.988631+00:00
26,4,375000,2026-08-13T16:38:03.964668+00:00,2026-08-13T16:38:17.608116+00:00
27,4,900000,2026-08-13T16:38:17.626301+00:00,2026-08-13T16:38:43.050992+00:00
28,4,750000,2026-08-13T16:38:43.066567+00:00,2026-08-13T16:38:58.972002+00:00
29,4,175000,2026-08-13T16:38:58.979799+00:00,2026-08-13T16:39:08.236581+00:00
30,4,550000,2026-08-13T16:39:08.249730+00:00,2026-08-13T16:39:22.093932+00:00
31,4,50000,2026-08-13T16:39:22.099697+00:00,2026-08-13T16:39:24.480922+00:00
32,4,250000,2026-08-13T16:39:26.102851+00:00,2026-08-13T16:39:35.397990+00:00
33,5,50000,2026-08-13T16:39:35.404025+00:00,2026-08-13T16:39:37.680077+00:00
34,5,375000,2026-08-13T16:39:39.408793+00:00,2026-08-13T16:39:48.391771+00:00
35,5,900000,2026-08-13T16:39:48.410264+00:00,2026-08-13T16:40:09.272275+00:00
36,5,175000,2026-08-13T16:40:09.282196+00:00,2026-08-13T16:40:15.499790+00:00
37,5,750000,2026-08-13T16:40:15.517008+00:00,2026-08-13T16:40:32.020057+00:00
38,5,100000,2026-08-13T16:40:32.026513+00:00,2026-08-13T16:40:35.779326+00:00
39,5,550000,2026-08-13T16:40:36.033189+00:00,2026-08-13T16:40:51.480567+00:00
40,5,250000,2026-08-13T16:40:51.489242+00:00,2026-08-13T16:40:56.471020+00:00
41,6,50000,2026-08-13T16:40:56.476755+00:00,2026-08-13T16:40:59.090022+00:00
42,6,375000,2026-08-13T16:41:00.481854+00:00,2026-08-13T16:41:08.829295+00:00
43,6,550000,2026-08-13T16:41:08.843947+00:00,2026-08-13T16:41:18.783657+00:00
44,6,750000,2026-08-13T16:41:18.804414+00:00,2026-08-13T16:41:34.565913+00:00
45,6,900000,2026-08-13T16:41:34.586180+00:00,2026-08-13T16:41:54.016064+00:00
46,6,100000,2026-08-13T16:41:54.022956+00:00,2026-08-13T16:41:56.678740+00:00
47,6,175000,2026-08-13T16:41:58.024008+00:00,2026-08-13T16:42:02.768364+00:00
48,6,250000,2026-08-13T16:42:02.776912+00:00,2026-08-13T16:42:12.243790+00:00
