"total_input_tokens","ttft_seconds"
49998,2.53420301281612
52840.8093645485,2.59581288852282
55683.618729097,2.65761077152697
58526.4280936455,2.71959666182855
61369.237458194,2.78177055942758
64212.0468227425,2.84413246432405
67054.856187291,2.90668237651795
69897.6655518395,2.9694202960093
72740.474916388,3.03234622279809
75583.2842809365,3.09546015688432
78426.0936454849,3.15876209826799
81268.9030100334,3.2222520469491
84111.7123745819,3.28593000292765
86954.5217391304,3.34979596620364
89797.3311036789,3.41384993677707
92640.1404682274,3.47809191464794
95482.9498327759,3.54252189981625
98325.7591973244,3.607139892282
101168.568561873,3.6719458920452
104011.377926421,3.73693989910583
106854.18729097,3.8021219134639
109696.996655518,3.86749193511942
112539.806020067,3.93304996407237
115382.615384615,3.99879600032277
118225.424749164,4.0647300438706
121068.234113712,4.13085209471588
123911.043478261,4.1971621528586
126753.852842809,4.26366021829875
129596.662207358,4.33034629103635
132439.471571906,4.39722037107139
135282.280936455,4.46428245840387
138125.090301003,4.53153255303379
140967.899665552,4.59897065496115
143810.7090301,4.66659676418595
146653.518394649,4.73441088070819
149496.327759197,4.80241300452787
152339.137123746,4.87060313564499
155181.946488294,4.93898127405955
158024.755852843,5.00754741977155
160867.565217391,5.07630157278099
163710.37458194,5.14524373308788
166553.183946488,5.2143739006922
169395.993311037,5.28369207559396
172238.802675585,5.35319825779317
175081.612040134,5.42289244728981
177924.421404682,5.4927746440839
180767.230769231,5.56284484817543
183610.040133779,5.63310305956439
186452.849498328,5.7035492782508
189295.658862876,5.77418350423464
192138.468227425,5.84500573751593
194981.277591973,5.91601597809466
197824.086956522,5.98721422597083
200666.89632107,6.05860048114444
203509.705685619,6.13017474361549
206352.515050167,6.20193701338398
209195.324414716,6.27388729044991
212038.133779264,6.34602557481328
214880.943143813,6.41835186647409
217723.752508361,6.49086616543234
220566.56187291,6.56356847168803
223409.371237458,6.63645878524116
226252.180602007,6.70953710609174
229094.989966555,6.78280343423975
231937.799331104,6.85625776968521
234780.608695652,6.9299001124281
237623.418060201,7.00373046246844
240466.227424749,7.07774881980621
243309.036789298,7.15195518444143
246151.846153846,7.22634955637408
248994.655518395,7.30093193560418
251837.464882943,7.37570232213172
254680.274247492,7.45066071595669
257523.08361204,7.52580711707911
260365.892976589,7.60114152549897
263208.702341137,7.67666394121627
266051.511705686,7.75237436423101
268894.321070234,7.82827279454319
271737.130434783,7.90435923215281
274579.939799331,7.98063367705987
277422.74916388,8.05709612926437
280265.558528428,8.13374658876632
283108.367892977,8.2105850555657
285951.177257525,8.28761152966252
288793.986622074,8.36482601105678
291636.795986622,8.44222849974849
294479.605351171,8.51981899573763
297322.414715719,8.59759749902421
300165.224080268,8.67556400960824
303008.033444816,8.75371852748971
305850.842809365,8.83206105266861
308693.652173913,8.91059158514496
311536.461538462,8.98931012491875
314379.27090301,9.06821667198997
317222.080267559,9.14731122635864
320064.889632107,9.22659378802475
322907.698996656,9.3060643569883
325750.508361204,9.38572293324929
328593.317725753,9.46556951680772
331436.127090301,9.54560410766359
334278.936454849,9.6258267058169
337121.745819398,9.70623731126765
339964.555183946,9.78683592401584
342807.364548495,9.86762254406147
345650.173913043,9.94859717140455
348492.983277592,10.0297598060451
351335.79264214,10.111110447983
354178.602006689,10.1926490972184
357021.411371237,10.2743757537512
359864.220735786,10.3562904175815
362707.030100334,10.4383930887092
365549.839464883,10.5206837671344
368392.648829431,10.603162452857
371235.45819398,10.685829145877
374078.267558528,10.7686838461945
376921.076923077,10.8517265538094
379763.886287625,10.9349572687218
382606.695652174,11.0183759909316
385449.505016722,11.1019827204388
388292.314381271,11.1857774572435
391135.123745819,11.2697602013456
393977.933110368,11.3539309527452
396820.742474916,11.4382897114422
399663.551839465,11.5228364774366
402506.361204013,11.6075712507285
405349.170568562,11.6924940313178
408191.97993311,11.7776048192046
411034.789297659,11.8629036143888
413877.598662207,11.9483904168704
416720.408026756,12.0340652266495
419563.217391304,12.119928043726
422406.026755853,12.2059788681
425248.836120401,12.2922176997714
428091.64548495,12.3786445387402
430934.454849498,12.4652593850065
433777.264214047,12.5520622385703
436620.073578595,12.6390530994314
439462.882943144,12.72623196759
442305.692307692,12.8135988430461
445148.501672241,12.9011537257996
447991.311036789,12.9888966158505
450834.120401338,13.0768275131989
453676.929765886,13.1649464178447
456519.739130435,13.2532533297879
459362.548494983,13.3417482490286
462205.357859532,13.4304311755667
465048.16722408,13.5193021094023
467890.976588629,13.6083610505353
470733.785953177,13.6976079989658
473576.595317726,13.7870429546937
476419.404682274,13.876665917719
479262.214046823,13.9664768880418
482105.023411371,14.056475865662
484947.83277592,14.1466628505797
487790.642140468,14.2370378427948
490633.451505017,14.3276008423073
493476.260869565,14.4183518491173
496319.070234114,14.5092908632247
499161.879598662,14.6004178846295
502004.688963211,14.6917329133318
504847.498327759,14.7832359493316
507690.307692308,14.8749269926288
510533.117056856,14.9668060432234
513375.926421405,15.0588731011154
516218.735785953,15.1511281663049
519061.545150502,15.2435712387919
521904.35451505,15.3362023185763
524747.163879599,15.4290214056581
527589.973244147,15.5220285000373
530432.782608696,15.615223601714
533275.591973244,15.7086067106882
536118.401337793,15.8021778269598
538961.210702341,15.8959369505288
541804.02006689,15.9898840813952
544646.829431438,16.0840192195592
547489.638795987,16.1783423650205
550332.448160535,16.2728535177793
553175.257525084,16.3675526778355
556018.066889632,16.4624398451892
558860.876254181,16.5575150198403
561703.685618729,16.6527782017888
564546.494983278,16.7482293910348
567389.304347826,16.8438685875782
570232.113712375,16.9396957914191
573074.923076923,17.0357110025574
575917.732441472,17.1319142209932
578760.54180602,17.2283054467264
581603.351170569,17.324884679757
584446.160535117,17.4216519200851
587288.969899665,17.5186071677106
590131.779264214,17.6157504226335
592974.588628763,17.7130816848539
595817.397993311,17.8106009543718
598660.207357859,17.908308231187
601503.016722408,18.0062035152997
604345.826086957,18.1042868067099
607188.635451505,18.2025581054175
610031.444816053,18.3010174114225
612874.254180602,18.399664724725
615717.063545151,18.4985000453249
618559.872909699,18.5975233732223
621402.682274248,18.6967347084171
624245.491638796,18.7961340509093
627088.301003344,18.895721400699
629931.110367893,18.9954967577861
632773.919732441,19.0954601221707
635616.72909699,19.1956114938527
638459.538461538,19.2959508728321
641302.347826087,19.396478259109
644145.157190635,19.4971936526833
646987.966555184,19.5980970535551
649830.775919733,19.6991884617243
652673.585284281,19.8004678771909
655516.394648829,19.901935299955
658359.204013378,20.0035907300165
661202.013377926,20.1054341673755
664044.822742475,20.2074656120319
666887.632107023,20.3096850639857
669730.441471572,20.412092523237
672573.25083612,20.5146879897857
675416.060200669,20.6174714636319
678258.869565217,20.7204429447755
681101.678929766,20.8236024332166
683944.488294314,20.926949928955
686787.297658863,21.030485431991
689630.107023411,21.1342089423243
692472.91638796,21.2381204599551
695315.725752508,21.3422199848834
698158.535117057,21.4465075171091
701001.344481605,21.5509830566322
703844.153846154,21.6556466034528
706686.963210702,21.7604981575708
709529.772575251,21.8655377189862
712372.581939799,21.9707652876991
715215.391304348,22.0761808637095
718058.200668896,22.1817844470172
720901.010033445,22.2875760376225
723743.819397993,22.3935556355251
726586.628762542,22.4997232407252
729429.43812709,22.6060788532227
732272.247491639,22.7126224730177
735115.056856187,22.8193541001101
737957.866220736,22.9262737345
740800.675585284,23.0333813761873
743643.484949833,23.140677025172
746486.294314381,23.2481606814542
749329.10367893,23.3558323450338
752171.913043478,23.4636920159109
755014.722408027,23.5717396940854
757857.531772575,23.6799753795573
760700.341137124,23.7883990723267
763543.150501672,23.8970107723935
766385.959866221,24.0058104797578
769228.769230769,24.1147981944195
772071.578595318,24.2239739163786
774914.387959866,24.3333376456352
777757.197324415,24.4428893821892
780600.006688963,24.5526291260407
783442.816053512,24.6625568771896
786285.62541806,24.7726726356359
789128.434782609,24.8829764013797
791971.244147157,24.9934681744209
794814.053511706,25.1041479547596
797656.862876254,25.2150157423957
800499.672240803,25.3260715373292
803342.481605351,25.4373153395602
806185.2909699,25.5487471490887
809028.100334448,25.6603669659145
811870.909698997,25.7721747900378
814713.719063545,25.8841706214586
817556.528428094,25.9963544601768
820399.337792642,26.1087263061924
823242.147157191,26.2212861595055
826084.956521739,26.334034020116
828927.765886288,26.4469698880239
831770.575250836,26.5600937632293
834613.384615385,26.6734056457322
837456.193979933,26.7869055355324
840299.003344482,26.9005934326301
843141.81270903,27.0144693370253
845984.622073579,27.1285332487179
848827.431438127,27.2427851677079
851670.240802676,27.3572250939954
854513.050167224,27.4718530275803
857355.859531773,27.5866689684627
860198.668896321,27.7016729166425
863041.47826087,27.8168648721197
865884.287625418,27.9322448348944
868727.096989967,28.0478128049665
871569.906354515,28.163568782336
874412.715719064,28.279512767003
877255.525083612,28.3956447589675
880098.334448161,28.5119647582294
882941.143812709,28.6284727647887
885783.953177258,28.7451687786454
888626.762541806,28.8620527997996
891469.571906355,28.9791248282513
894312.381270903,29.0963848640004
897155.190635452,29.2138329070469
899998,29.3314689573908
